8850548005270,Bánh que Chicky 72g
8935077250749,Truyện Cổ Tích 3D Kinh Điển - Rùa Và Thỏ Thi Chạy
8936007460580,TÔM(SẤY) DAMEX 200GR
8936023250066,RƯỢU VANG DOPASSION CLASSIC 750ML
8936114080046,Wrigley's Cool Air
8938503131018,Sữa thanh trùng không đường
8938508547562,Kim chi cải thảo cắt lát 100G
8934588922268,Coffee sữa matcha
8992760211029,Bánh crackers Ritz gói 100g
8938508734078,KHẨU TRANG KHÁNG KHUẨN EURO
9313467058226,Deakin Estate Merlot 2013 (750ml)
8935096006204,Sữa tắm BIG C tinh chất sữa dê 500ML
8935020822016,Sáp thơm Sara hoa lài 75g
8936057130013,Kim chi Việt Hàn 500G
8935096024291,Bộ dụng cụ  BIGC 7 món
8934868113942,Nước rửa chén Sunlight Thiên nhiên đánh bay dầu mỡ với tinh chất từ thiên nhiên
9062300128533,Sữa bột Hipp Junior Combiotic 4 (800g)
8936013253015,Nước tẩy rửa phòng tắm Gift bạc hà 900ml
10336212,Tai nghe Headphone Shure SRH440-A
8993175535885,Nabati Chocolate Wafer - Richoco - 52g
8936036773651,Sữa CGHL có đường 180ml (chiếc)
8996001301661,BÁNH COFFEE JOY
8992775343043,BÁNH GERRY CHEESE 200G
8934678010578,nui tk cao cấp 500gr
8934868125877,Nước xả vải Comfor một lần xả hương ban mai mới túi
9415007035190,Sữa bột Anmum Materna cho mẹ mang thai hộp vị Socola 800g
8934681596922,Sữa tắm Biore dưỡng chất bảo vệ từ trái cây 850g
8938504741476,Khăn giấy ướt
8999999059941,Kem dưỡng da ban đêm Pond's Age Miracle Night 50g
8936017367169,Nước tương Tam Thái Tử Nhị ca 500ml
8934974122043,Paris Through Closed Eyes
8935128260680,TẬP ĐỒNG HỒ 200T-5Q/L
8936017885663,Sổ lò xo bìa nhựa cao cấp PGrand A5
8936063371813,Xịt muỗi Rocket Chanh 600ml
0815082008369,Kẹo Socola
8934840000093,Nước khoáng chanh LEMONA
8935024129357,CÀ PHÊ G7 BỊCH
8936052250679,Nước ngọt Big hương đâu chai 1.8L
8935032709473,Ca nhiệt Đại Đồng Tiến L1033 2L
8936040457233,Bìa 60 lá Flexoffice A4 FO-DB03
8934680886338,Bánh Cosy kẹp kem Kinh Đô 400gr (hộp thiếc)
8934588063060,Nước Lọc Aquafina Chai 1.5Lít
9786040000552,Sách Giáo Khoa Lớp 4 (Bài Học 9 Cuốn)
9786040000477,Tiếng Việt 4/1
8936083201855,Giải Sách Bài Tập Toán Lớp 4 (Tập 1)
8935049510833,FANTA XÁ XỊ (SARSI) 390ml
8936006851006,Khăn giấy bỏ túi letgreen
8938503231329,Gel rửa tay khô Lamcosmé Aloe Vera 60ml
8936072190252,Khăn giấy ướt Teen Care 20 tờ (Hồng)
8936072190214,Khăn giấy ướt không mùi tinh chất lô hội Baby Care 10 tờ
8936016400164,Thuốc lá
8936087580024,Lohha Trí não
9786040013682,Bài Tập Vật lý 9
9786040001207,Sinh Học 9
8936079120580,Poca khoai tây bò bít tết Wavy (chiếc)
8936048470036,MỲ BA MIỀN CHAY LÁ ĐA
8934986002067,Combo Tập Tuổi Thơ 100 trang -Ford CN-ĐL80-Ôly
8936036212419,Mực rim me ăn liền Gidico hộp 200g
9342050002575,"Sữa Ong Chúa Royall Jelly 1450mg, lọ 365 viên"
8936122870660,Led búp bầu kín 3 sao 10W
9786040000781,Sách TIẾNG ANH 6
8992772065023,Kem chống muỗi Soffell hương cam
8938500076213,Nước Tăng Lực RedGold Bò húc Gấu 250ml
9555042616036,UNIQUE Crystal Serum
8936128530049,Nước khoáng thiên nhiên Onsen
8936031095536,"Trà Ngọc Trang, Loại 1, Nhãn Hiệu Chim Én, gói 70g"
8802203761137,Viết Ttoru Red
42185246,LĂN KHỬ MÙI NAM NIVEA MÁT DA 25ML*2
8936033120267,Tập học sinh măng non
102059VN,Dưỡng thể G&H Body Lotion
8936115140015,Khăn ướt Baby Wipes
8936052100295,Dầu Ăn Happi Koki 2L
8938508777228,Thuốc lá Seven Diamonds
8936039628453,Sữa dưỡng phục hồi tóc
9556006012086,Sữa tắm gội toàn thân không cay mắt Johnson &amp; Johnson 100ml
8938505012018,Đường Hafa
8938505463254,Metacare 1 - Dinh dưỡng dành cho trẻ từ 0 - 6 tháng tuổi (Dành cho CÁN BỘ Y TẾ) - 900g
8885263412591,EGLIPS Blur Powder Pact 9g / Beautynet Korea (#13)
8802929995120,Sữa tắm Vitamin Wash
8935105810099,0  CÁ NỨC SÔT CÁ SEACROWN 155GR
8935049510734,Nước trái cây bổ dưỡng Nutriboost chai 1L
8934572351265,XX lắc kêu Xốt BBQ Vissan 55g
8938501141040,CÁ MÔI/NỤC 3 CÔ GÁI 190G*4
8938500076206,Nước Cam GOLD Chai 455ml
8936079120863,Bánh snack vị bắp bơ Cheetos gói 30g
8938504529074,Bánh Tráng Muối Ớt
8936062982423,Trà hoa Tân Thiên Lộc
8806011614531,"Dong-A Pharmaceutical Co., Ltd."
8936000829278,Mì xào tiểu nhị thịt xào xốt hành 72g
8936052250037,Nước ngọt AJE BIG CAM PET 425 ML
8936079120801,Bim bim Poca vị tảo biển
8936112370187,khăn ướt baby wipes
8936088900036,BÚN TƯƠI BA KHÁNH 500G
8936028040686,Gia vị hoàn chỉnh Barona - Thịt ram (rim) 80g
8934572350268,Xúc xích lắc kêu vissan 49g
8936025195136,Bánh mì Sandwich ABC
8934804025674,Milo bột 3In1 15g
9786040001726,Công Nghệ Lớp 11
8938503244107,Bia lon Kaiserin Lager 330ml
8936121300021,Kem dưỡng da mặt đa chức năng vick white beck 30g
96118504,Kẹo cay con tàu Fisherman's friend vị Quýt Gừng gói 25g
8999999720094,Nước hoa hồng dưỡng trắng da Pond's White Beauty Lightening Toner 150ml
8934868126898,Kem Dưỡng Trắng Da Matcha Lựu Đỏ Hazeline 45g
8935049510055,Coca-cola chai 600ml
8936006853314,BÔNG TẨY TRANG POP-PUF
9556006012413,SỮA TĂM JONHSON VÒI  500
8934755014321,Băng vệ sinh hàng ngày Diana Sensi Cool Fresh gói 40 miếng
8936072190269,Khăn ướt Teen Care 20 tờ (Tím)
8997035600638,Thức uống bổ sung ion Pocari Sweat chai 500ml
8936077411277,Mặt Nạ Dạng Hủ Đất Sét - Nha Đam Vedette Beng Koang&Aloe Vera (145ml)
8938501511881,THUỐC DIỆT CÔN TRÙNG MENGFENG
8934707010487,Bột nêm Knorr 400g
8936048475598,Mì tôm chua cay 3 Miền Reeva thùng 30 gói x 60g
8938500402852,Khăn ướt Agi 80 tờ hương nhẹ (con cừu)
8858786256416,Nhang ranger
8936082090078,QEEN WHITENING KIT
8934588082221,Nước giải khát ít calo Pepsi Light lon 330ml
8934839123581,Kem Đánh Răng P/S Bảo vệ 123
4983435734503,Chỉ nha khoa 50 cây
8936084590293,Bắp rang vị socola hiệu New York Uncle Jax túi zip 70g
